"","Date","Day","Country","Type","Value","TotalValue"
"1","3/22/2014",0,"Guinea","Cases",49,49
"2","3/22/2014",0,"Guinea","Deaths",29,29
"3","3/22/2014",0,"Liberia","Cases",0,0
"4","3/22/2014",0,"Liberia","Deaths",0,0
"5","3/22/2014",0,"SierraLeone","Cases",0,0
"6","3/22/2014",0,"SierraLeone","Deaths",0,0
"7","3/22/2014",0,"Nigeria","Cases",0,0
"8","3/22/2014",0,"Nigeria","Deaths",0,0
"9","3/22/2014",0,"Senegal","Cases",0,0
"10","3/22/2014",0,"Senegal","Deaths",0,0
"11","3/22/2014",0,"UnitedStates","Cases",0,0
"12","3/22/2014",0,"UnitedStates","Deaths",0,0
"13","3/22/2014",0,"Spain","Cases",0,0
"14","3/22/2014",0,"Spain","Deaths",0,0
"15","3/22/2014",0,"Mali","Cases",0,0
"16","3/22/2014",0,"Mali","Deaths",0,0
"17","3/24/2014",2,"Guinea","Cases",37,86
"18","3/24/2014",2,"Guinea","Deaths",30,59
"19","3/24/2014",2,"Liberia","Cases",0,0
"20","3/24/2014",2,"Liberia","Deaths",0,0
"21","3/24/2014",2,"SierraLeone","Cases",0,0
"22","3/24/2014",2,"SierraLeone","Deaths",0,0
"23","3/24/2014",2,"Nigeria","Cases",0,0
"24","3/24/2014",2,"Nigeria","Deaths",0,0
"25","3/24/2014",2,"Senegal","Cases",0,0
"26","3/24/2014",2,"Senegal","Deaths",0,0
"27","3/24/2014",2,"UnitedStates","Cases",0,0
"28","3/24/2014",2,"UnitedStates","Deaths",0,0
"29","3/24/2014",2,"Spain","Cases",0,0
"30","3/24/2014",2,"Spain","Deaths",0,0
"31","3/24/2014",2,"Mali","Cases",0,0
"32","3/24/2014",2,"Mali","Deaths",0,0
"33","3/25/2014",3,"Guinea","Cases",0,86
"34","3/25/2014",3,"Guinea","Deaths",1,60
"35","3/25/2014",3,"Liberia","Cases",0,0
"36","3/25/2014",3,"Liberia","Deaths",0,0
"37","3/25/2014",3,"SierraLeone","Cases",0,0
"38","3/25/2014",3,"SierraLeone","Deaths",0,0
"39","3/25/2014",3,"Nigeria","Cases",0,0
"40","3/25/2014",3,"Nigeria","Deaths",0,0
"41","3/25/2014",3,"Senegal","Cases",0,0
"42","3/25/2014",3,"Senegal","Deaths",0,0
"43","3/25/2014",3,"UnitedStates","Cases",0,0
"44","3/25/2014",3,"UnitedStates","Deaths",0,0
"45","3/25/2014",3,"Spain","Cases",0,0
"46","3/25/2014",3,"Spain","Deaths",0,0
"47","3/25/2014",3,"Mali","Cases",0,0
"48","3/25/2014",3,"Mali","Deaths",0,0
"49","3/26/2014",4,"Guinea","Cases",0,86
"50","3/26/2014",4,"Guinea","Deaths",2,62
"51","3/26/2014",4,"Liberia","Cases",0,0
"52","3/26/2014",4,"Liberia","Deaths",0,0
"53","3/26/2014",4,"SierraLeone","Cases",0,0
"54","3/26/2014",4,"SierraLeone","Deaths",0,0
"55","3/26/2014",4,"Nigeria","Cases",0,0
"56","3/26/2014",4,"Nigeria","Deaths",0,0
"57","3/26/2014",4,"Senegal","Cases",0,0
"58","3/26/2014",4,"Senegal","Deaths",0,0
"59","3/26/2014",4,"UnitedStates","Cases",0,0
"60","3/26/2014",4,"UnitedStates","Deaths",0,0
"61","3/26/2014",4,"Spain","Cases",0,0
"62","3/26/2014",4,"Spain","Deaths",0,0
"63","3/26/2014",4,"Mali","Cases",0,0
"64","3/26/2014",4,"Mali","Deaths",0,0
"65","3/27/2014",5,"Guinea","Cases",17,103
"66","3/27/2014",5,"Guinea","Deaths",4,66
"67","3/27/2014",5,"Liberia","Cases",8,8
"68","3/27/2014",5,"Liberia","Deaths",6,6
"69","3/27/2014",5,"SierraLeone","Cases",6,6
"70","3/27/2014",5,"SierraLeone","Deaths",5,5
"71","3/27/2014",5,"Nigeria","Cases",0,0
"72","3/27/2014",5,"Nigeria","Deaths",0,0
"73","3/27/2014",5,"Senegal","Cases",0,0
"74","3/27/2014",5,"Senegal","Deaths",0,0
"75","3/27/2014",5,"UnitedStates","Cases",0,0
"76","3/27/2014",5,"UnitedStates","Deaths",0,0
"77","3/27/2014",5,"Spain","Cases",0,0
"78","3/27/2014",5,"Spain","Deaths",0,0
"79","3/27/2014",5,"Mali","Cases",0,0
"80","3/27/2014",5,"Mali","Deaths",0,0
"81","3/28/2014",6,"Guinea","Cases",9,112
"82","3/28/2014",6,"Guinea","Deaths",4,70
"83","3/28/2014",6,"Liberia","Cases",0,8
"84","3/28/2014",6,"Liberia","Deaths",0,6
"85","3/28/2014",6,"SierraLeone","Cases",0,6
"86","3/28/2014",6,"SierraLeone","Deaths",0,5
"87","3/28/2014",6,"Nigeria","Cases",0,0
"88","3/28/2014",6,"Nigeria","Deaths",0,0
"89","3/28/2014",6,"Senegal","Cases",0,0
"90","3/28/2014",6,"Senegal","Deaths",0,0
"91","3/28/2014",6,"UnitedStates","Cases",0,0
"92","3/28/2014",6,"UnitedStates","Deaths",0,0
"93","3/28/2014",6,"Spain","Cases",0,0
"94","3/28/2014",6,"Spain","Deaths",0,0
"95","3/28/2014",6,"Mali","Cases",0,0
"96","3/28/2014",6,"Mali","Deaths",0,0
"97","3/29/2014",7,"Guinea","Cases",0,112
"98","3/29/2014",7,"Guinea","Deaths",0,70
"99","3/29/2014",7,"Liberia","Cases",0,8
"100","3/29/2014",7,"Liberia","Deaths",0,6
"101","3/29/2014",7,"SierraLeone","Cases",0,6
"102","3/29/2014",7,"SierraLeone","Deaths",0,5
"103","3/29/2014",7,"Nigeria","Cases",0,0
"104","3/29/2014",7,"Nigeria","Deaths",0,0
"105","3/29/2014",7,"Senegal","Cases",0,0
"106","3/29/2014",7,"Senegal","Deaths",0,0
"107","3/29/2014",7,"UnitedStates","Cases",0,0
"108","3/29/2014",7,"UnitedStates","Deaths",0,0
"109","3/29/2014",7,"Spain","Cases",0,0
"110","3/29/2014",7,"Spain","Deaths",0,0
"111","3/29/2014",7,"Mali","Cases",0,0
"112","3/29/2014",7,"Mali","Deaths",0,0
"113","3/31/2014",9,"Guinea","Cases",10,122
"114","3/31/2014",9,"Guinea","Deaths",10,80
"115","3/31/2014",9,"Liberia","Cases",0,8
"116","3/31/2014",9,"Liberia","Deaths",0,6
"117","3/31/2014",9,"SierraLeone","Cases",0,6
"118","3/31/2014",9,"SierraLeone","Deaths",0,5
"119","3/31/2014",9,"Nigeria","Cases",0,0
"120","3/31/2014",9,"Nigeria","Deaths",0,0
"121","3/31/2014",9,"Senegal","Cases",0,0
"122","3/31/2014",9,"Senegal","Deaths",0,0
"123","3/31/2014",9,"UnitedStates","Cases",0,0
"124","3/31/2014",9,"UnitedStates","Deaths",0,0
"125","3/31/2014",9,"Spain","Cases",0,0
"126","3/31/2014",9,"Spain","Deaths",0,0
"127","3/31/2014",9,"Mali","Cases",0,0
"128","3/31/2014",9,"Mali","Deaths",0,0
"129","4/1/2014",10,"Guinea","Cases",5,127
"130","4/1/2014",10,"Guinea","Deaths",3,83
"131","4/1/2014",10,"Liberia","Cases",0,8
"132","4/1/2014",10,"Liberia","Deaths",0,6
"133","4/1/2014",10,"SierraLeone","Cases",0,6
"134","4/1/2014",10,"SierraLeone","Deaths",0,5
"135","4/1/2014",10,"Nigeria","Cases",0,0
"136","4/1/2014",10,"Nigeria","Deaths",0,0
"137","4/1/2014",10,"Senegal","Cases",0,0
"138","4/1/2014",10,"Senegal","Deaths",0,0
"139","4/1/2014",10,"UnitedStates","Cases",0,0
"140","4/1/2014",10,"UnitedStates","Deaths",0,0
"141","4/1/2014",10,"Spain","Cases",0,0
"142","4/1/2014",10,"Spain","Deaths",0,0
"143","4/1/2014",10,"Mali","Cases",0,0
"144","4/1/2014",10,"Mali","Deaths",0,0
"145","4/4/2014",13,"Guinea","Cases",16,143
"146","4/4/2014",13,"Guinea","Deaths",3,86
"147","4/4/2014",13,"Liberia","Cases",10,18
"148","4/4/2014",13,"Liberia","Deaths",1,7
"149","4/4/2014",13,"SierraLeone","Cases",0,6
"150","4/4/2014",13,"SierraLeone","Deaths",0,5
"151","4/4/2014",13,"Nigeria","Cases",0,0
"152","4/4/2014",13,"Nigeria","Deaths",0,0
"153","4/4/2014",13,"Senegal","Cases",0,0
"154","4/4/2014",13,"Senegal","Deaths",0,0
"155","4/4/2014",13,"UnitedStates","Cases",0,0
"156","4/4/2014",13,"UnitedStates","Deaths",0,0
"157","4/4/2014",13,"Spain","Cases",0,0
"158","4/4/2014",13,"Spain","Deaths",0,0
"159","4/4/2014",13,"Mali","Cases",0,0
"160","4/4/2014",13,"Mali","Deaths",0,0
"161","4/7/2014",16,"Guinea","Cases",8,151
"162","4/7/2014",16,"Guinea","Deaths",9,95
"163","4/7/2014",16,"Liberia","Cases",3,21
"164","4/7/2014",16,"Liberia","Deaths",3,10
"165","4/7/2014",16,"SierraLeone","Cases",0,6
"166","4/7/2014",16,"SierraLeone","Deaths",0,5
"167","4/7/2014",16,"Nigeria","Cases",0,0
"168","4/7/2014",16,"Nigeria","Deaths",0,0
"169","4/7/2014",16,"Senegal","Cases",0,0
"170","4/7/2014",16,"Senegal","Deaths",0,0
"171","4/7/2014",16,"UnitedStates","Cases",0,0
"172","4/7/2014",16,"UnitedStates","Deaths",0,0
"173","4/7/2014",16,"Spain","Cases",0,0
"174","4/7/2014",16,"Spain","Deaths",0,0
"175","4/7/2014",16,"Mali","Cases",0,0
"176","4/7/2014",16,"Mali","Deaths",0,0
"177","4/9/2014",18,"Guinea","Cases",7,158
"178","4/9/2014",18,"Guinea","Deaths",6,101
"179","4/9/2014",18,"Liberia","Cases",4,25
"180","4/9/2014",18,"Liberia","Deaths",2,12
"181","4/9/2014",18,"SierraLeone","Cases",0,6
"182","4/9/2014",18,"SierraLeone","Deaths",0,5
"183","4/9/2014",18,"Nigeria","Cases",0,0
"184","4/9/2014",18,"Nigeria","Deaths",0,0
"185","4/9/2014",18,"Senegal","Cases",0,0
"186","4/9/2014",18,"Senegal","Deaths",0,0
"187","4/9/2014",18,"UnitedStates","Cases",0,0
"188","4/9/2014",18,"UnitedStates","Deaths",0,0
"189","4/9/2014",18,"Spain","Cases",0,0
"190","4/9/2014",18,"Spain","Deaths",0,0
"191","4/9/2014",18,"Mali","Cases",0,0
"192","4/9/2014",18,"Mali","Deaths",0,0
"193","4/11/2014",20,"Guinea","Cases",1,159
"194","4/11/2014",20,"Guinea","Deaths",5,106
"195","4/11/2014",20,"Liberia","Cases",1,26
"196","4/11/2014",20,"Liberia","Deaths",1,13
"197","4/11/2014",20,"SierraLeone","Cases",0,6
"198","4/11/2014",20,"SierraLeone","Deaths",0,5
"199","4/11/2014",20,"Nigeria","Cases",0,0
"200","4/11/2014",20,"Nigeria","Deaths",0,0
"201","4/11/2014",20,"Senegal","Cases",0,0
"202","4/11/2014",20,"Senegal","Deaths",0,0
"203","4/11/2014",20,"UnitedStates","Cases",0,0
"204","4/11/2014",20,"UnitedStates","Deaths",0,0
"205","4/11/2014",20,"Spain","Cases",0,0
"206","4/11/2014",20,"Spain","Deaths",0,0
"207","4/11/2014",20,"Mali","Cases",0,0
"208","4/11/2014",20,"Mali","Deaths",0,0
"209","4/14/2014",23,"Guinea","Cases",9,168
"210","4/14/2014",23,"Guinea","Deaths",2,108
"211","4/14/2014",23,"Liberia","Cases",0,26
"212","4/14/2014",23,"Liberia","Deaths",0,13
"213","4/14/2014",23,"SierraLeone","Cases",0,6
"214","4/14/2014",23,"SierraLeone","Deaths",0,5
"215","4/14/2014",23,"Nigeria","Cases",0,0
"216","4/14/2014",23,"Nigeria","Deaths",0,0
"217","4/14/2014",23,"Senegal","Cases",0,0
"218","4/14/2014",23,"Senegal","Deaths",0,0
"219","4/14/2014",23,"UnitedStates","Cases",0,0
"220","4/14/2014",23,"UnitedStates","Deaths",0,0
"221","4/14/2014",23,"Spain","Cases",0,0
"222","4/14/2014",23,"Spain","Deaths",0,0
"223","4/14/2014",23,"Mali","Cases",0,0
"224","4/14/2014",23,"Mali","Deaths",0,0
"225","4/15/2014",24,"Guinea","Cases",0,168
"226","4/15/2014",24,"Guinea","Deaths",0,108
"227","4/15/2014",24,"Liberia","Cases",0,26
"228","4/15/2014",24,"Liberia","Deaths",0,13
"229","4/15/2014",24,"SierraLeone","Cases",6,12
"230","4/15/2014",24,"SierraLeone","Deaths",0,5
"231","4/15/2014",24,"Nigeria","Cases",0,0
"232","4/15/2014",24,"Nigeria","Deaths",0,0
"233","4/15/2014",24,"Senegal","Cases",0,0
"234","4/15/2014",24,"Senegal","Deaths",0,0
"235","4/15/2014",24,"UnitedStates","Cases",0,0
"236","4/15/2014",24,"UnitedStates","Deaths",0,0
"237","4/15/2014",24,"Spain","Cases",0,0
"238","4/15/2014",24,"Spain","Deaths",0,0
"239","4/15/2014",24,"Mali","Cases",0,0
"240","4/15/2014",24,"Mali","Deaths",0,0
"241","4/16/2014",25,"Guinea","Cases",29,197
"242","4/16/2014",25,"Guinea","Deaths",14,122
"243","4/16/2014",25,"Liberia","Cases",1,27
"244","4/16/2014",25,"Liberia","Deaths",0,13
"245","4/16/2014",25,"SierraLeone","Cases",0,12
"246","4/16/2014",25,"SierraLeone","Deaths",0,5
"247","4/16/2014",25,"Nigeria","Cases",0,0
"248","4/16/2014",25,"Nigeria","Deaths",0,0
"249","4/16/2014",25,"Senegal","Cases",0,0
"250","4/16/2014",25,"Senegal","Deaths",0,0
"251","4/16/2014",25,"UnitedStates","Cases",0,0
"252","4/16/2014",25,"UnitedStates","Deaths",0,0
"253","4/16/2014",25,"Spain","Cases",0,0
"254","4/16/2014",25,"Spain","Deaths",0,0
"255","4/16/2014",25,"Mali","Cases",0,0
"256","4/16/2014",25,"Mali","Deaths",0,0
"257","4/17/2014",26,"Guinea","Cases",6,203
"258","4/17/2014",26,"Guinea","Deaths",7,129
"259","4/17/2014",26,"Liberia","Cases",0,27
"260","4/17/2014",26,"Liberia","Deaths",0,13
"261","4/17/2014",26,"SierraLeone","Cases",0,12
"262","4/17/2014",26,"SierraLeone","Deaths",0,5
"263","4/17/2014",26,"Nigeria","Cases",0,0
"264","4/17/2014",26,"Nigeria","Deaths",0,0
"265","4/17/2014",26,"Senegal","Cases",0,0
"266","4/17/2014",26,"Senegal","Deaths",0,0
"267","4/17/2014",26,"UnitedStates","Cases",0,0
"268","4/17/2014",26,"UnitedStates","Deaths",0,0
"269","4/17/2014",26,"Spain","Cases",0,0
"270","4/17/2014",26,"Spain","Deaths",0,0
"271","4/17/2014",26,"Mali","Cases",0,0
"272","4/17/2014",26,"Mali","Deaths",0,0
"273","4/20/2014",29,"Guinea","Cases",5,208
"274","4/20/2014",29,"Guinea","Deaths",7,136
"275","4/20/2014",29,"Liberia","Cases",0,27
"276","4/20/2014",29,"Liberia","Deaths",0,13
"277","4/20/2014",29,"SierraLeone","Cases",0,12
"278","4/20/2014",29,"SierraLeone","Deaths",0,5
"279","4/20/2014",29,"Nigeria","Cases",0,0
"280","4/20/2014",29,"Nigeria","Deaths",0,0
"281","4/20/2014",29,"Senegal","Cases",0,0
"282","4/20/2014",29,"Senegal","Deaths",0,0
"283","4/20/2014",29,"UnitedStates","Cases",0,0
"284","4/20/2014",29,"UnitedStates","Deaths",0,0
"285","4/20/2014",29,"Spain","Cases",0,0
"286","4/20/2014",29,"Spain","Deaths",0,0
"287","4/20/2014",29,"Mali","Cases",0,0
"288","4/20/2014",29,"Mali","Deaths",0,0
"289","4/21/2014",30,"Guinea","Cases",0,208
"290","4/21/2014",30,"Guinea","Deaths",0,136
"291","4/21/2014",30,"Liberia","Cases",7,34
"292","4/21/2014",30,"Liberia","Deaths",0,13
"293","4/21/2014",30,"SierraLeone","Cases",0,12
"294","4/21/2014",30,"SierraLeone","Deaths",0,5
"295","4/21/2014",30,"Nigeria","Cases",0,0
"296","4/21/2014",30,"Nigeria","Deaths",0,0
"297","4/21/2014",30,"Senegal","Cases",0,0
"298","4/21/2014",30,"Senegal","Deaths",0,0
"299","4/21/2014",30,"UnitedStates","Cases",0,0
"300","4/21/2014",30,"UnitedStates","Deaths",0,0
"301","4/21/2014",30,"Spain","Cases",0,0
"302","4/21/2014",30,"Spain","Deaths",0,0
"303","4/21/2014",30,"Mali","Cases",0,0
"304","4/21/2014",30,"Mali","Deaths",0,0
"305","4/22/2014",31,"Guinea","Cases",0,208
"306","4/22/2014",31,"Guinea","Deaths",0,136
"307","4/22/2014",31,"Liberia","Cases",0,34
"308","4/22/2014",31,"Liberia","Deaths",0,13
"309","4/22/2014",31,"SierraLeone","Cases",0,12
"310","4/22/2014",31,"SierraLeone","Deaths",0,5
"311","4/22/2014",31,"Nigeria","Cases",0,0
"312","4/22/2014",31,"Nigeria","Deaths",0,0
"313","4/22/2014",31,"Senegal","Cases",0,0
"314","4/22/2014",31,"Senegal","Deaths",0,0
"315","4/22/2014",31,"UnitedStates","Cases",0,0
"316","4/22/2014",31,"UnitedStates","Deaths",0,0
"317","4/22/2014",31,"Spain","Cases",0,0
"318","4/22/2014",31,"Spain","Deaths",0,0
"319","4/22/2014",31,"Mali","Cases",0,0
"320","4/22/2014",31,"Mali","Deaths",0,0
"321","4/23/2014",32,"Guinea","Cases",10,218
"322","4/23/2014",32,"Guinea","Deaths",5,141
"323","4/23/2014",32,"Liberia","Cases",0,34
"324","4/23/2014",32,"Liberia","Deaths",0,13
"325","4/23/2014",32,"SierraLeone","Cases",0,12
"326","4/23/2014",32,"SierraLeone","Deaths",0,5
"327","4/23/2014",32,"Nigeria","Cases",0,0
"328","4/23/2014",32,"Nigeria","Deaths",0,0
"329","4/23/2014",32,"Senegal","Cases",0,0
"330","4/23/2014",32,"Senegal","Deaths",0,0
"331","4/23/2014",32,"UnitedStates","Cases",0,0
"332","4/23/2014",32,"UnitedStates","Deaths",0,0
"333","4/23/2014",32,"Spain","Cases",0,0
"334","4/23/2014",32,"Spain","Deaths",0,0
"335","4/23/2014",32,"Mali","Cases",0,0
"336","4/23/2014",32,"Mali","Deaths",0,0
"337","4/24/2014",33,"Guinea","Cases",0,218
"338","4/24/2014",33,"Guinea","Deaths",0,141
"339","4/24/2014",33,"Liberia","Cases",1,35
"340","4/24/2014",33,"Liberia","Deaths",0,13
"341","4/24/2014",33,"SierraLeone","Cases",0,12
"342","4/24/2014",33,"SierraLeone","Deaths",0,5
"343","4/24/2014",33,"Nigeria","Cases",0,0
"344","4/24/2014",33,"Nigeria","Deaths",0,0
"345","4/24/2014",33,"Senegal","Cases",0,0
"346","4/24/2014",33,"Senegal","Deaths",0,0
"347","4/24/2014",33,"UnitedStates","Cases",0,0
"348","4/24/2014",33,"UnitedStates","Deaths",0,0
"349","4/24/2014",33,"Spain","Cases",0,0
"350","4/24/2014",33,"Spain","Deaths",0,0
"351","4/24/2014",33,"Mali","Cases",0,0
"352","4/24/2014",33,"Mali","Deaths",0,0
"353","4/26/2014",35,"Guinea","Cases",6,224
"354","4/26/2014",35,"Guinea","Deaths",2,143
"355","4/26/2014",35,"Liberia","Cases",0,35
"356","4/26/2014",35,"Liberia","Deaths",0,13
"357","4/26/2014",35,"SierraLeone","Cases",0,12
"358","4/26/2014",35,"SierraLeone","Deaths",0,5
"359","4/26/2014",35,"Nigeria","Cases",0,0
"360","4/26/2014",35,"Nigeria","Deaths",0,0
"361","4/26/2014",35,"Senegal","Cases",0,0
"362","4/26/2014",35,"Senegal","Deaths",0,0
"363","4/26/2014",35,"UnitedStates","Cases",0,0
"364","4/26/2014",35,"UnitedStates","Deaths",0,0
"365","4/26/2014",35,"Spain","Cases",0,0
"366","4/26/2014",35,"Spain","Deaths",0,0
"367","4/26/2014",35,"Mali","Cases",0,0
"368","4/26/2014",35,"Mali","Deaths",0,0
"369","5/1/2014",40,"Guinea","Cases",2,226
"370","5/1/2014",40,"Guinea","Deaths",6,149
"371","5/1/2014",40,"Liberia","Cases",0,35
"372","5/1/2014",40,"Liberia","Deaths",0,13
"373","5/1/2014",40,"SierraLeone","Cases",0,12
"374","5/1/2014",40,"SierraLeone","Deaths",0,5
"375","5/1/2014",40,"Nigeria","Cases",0,0
"376","5/1/2014",40,"Nigeria","Deaths",0,0
"377","5/1/2014",40,"Senegal","Cases",0,0
"378","5/1/2014",40,"Senegal","Deaths",0,0
"379","5/1/2014",40,"UnitedStates","Cases",0,0
"380","5/1/2014",40,"UnitedStates","Deaths",0,0
"381","5/1/2014",40,"Spain","Cases",0,0
"382","5/1/2014",40,"Spain","Deaths",0,0
"383","5/1/2014",40,"Mali","Cases",0,0
"384","5/1/2014",40,"Mali","Deaths",0,0
"385","5/3/2014",42,"Guinea","Cases",5,231
"386","5/3/2014",42,"Guinea","Deaths",6,155
"387","5/3/2014",42,"Liberia","Cases",0,35
"388","5/3/2014",42,"Liberia","Deaths",0,13
"389","5/3/2014",42,"SierraLeone","Cases",0,12
"390","5/3/2014",42,"SierraLeone","Deaths",0,5
"391","5/3/2014",42,"Nigeria","Cases",0,0
"392","5/3/2014",42,"Nigeria","Deaths",0,0
"393","5/3/2014",42,"Senegal","Cases",0,0
"394","5/3/2014",42,"Senegal","Deaths",0,0
"395","5/3/2014",42,"UnitedStates","Cases",0,0
"396","5/3/2014",42,"UnitedStates","Deaths",0,0
"397","5/3/2014",42,"Spain","Cases",0,0
"398","5/3/2014",42,"Spain","Deaths",0,0
"399","5/3/2014",42,"Mali","Cases",0,0
"400","5/3/2014",42,"Mali","Deaths",0,0
"401","5/5/2014",44,"Guinea","Cases",4,235
"402","5/5/2014",44,"Guinea","Deaths",2,157
"403","5/5/2014",44,"Liberia","Cases",0,35
"404","5/5/2014",44,"Liberia","Deaths",0,13
"405","5/5/2014",44,"SierraLeone","Cases",0,12
"406","5/5/2014",44,"SierraLeone","Deaths",0,5
"407","5/5/2014",44,"Nigeria","Cases",0,0
"408","5/5/2014",44,"Nigeria","Deaths",0,0
"409","5/5/2014",44,"Senegal","Cases",0,0
"410","5/5/2014",44,"Senegal","Deaths",0,0
"411","5/5/2014",44,"UnitedStates","Cases",0,0
"412","5/5/2014",44,"UnitedStates","Deaths",0,0
"413","5/5/2014",44,"Spain","Cases",0,0
"414","5/5/2014",44,"Spain","Deaths",0,0
"415","5/5/2014",44,"Mali","Cases",0,0
"416","5/5/2014",44,"Mali","Deaths",0,0
"417","5/7/2014",46,"Guinea","Cases",1,236
"418","5/7/2014",46,"Guinea","Deaths",1,158
"419","5/7/2014",46,"Liberia","Cases",0,35
"420","5/7/2014",46,"Liberia","Deaths",0,13
"421","5/7/2014",46,"SierraLeone","Cases",0,12
"422","5/7/2014",46,"SierraLeone","Deaths",0,5
"423","5/7/2014",46,"Nigeria","Cases",0,0
"424","5/7/2014",46,"Nigeria","Deaths",0,0
"425","5/7/2014",46,"Senegal","Cases",0,0
"426","5/7/2014",46,"Senegal","Deaths",0,0
"427","5/7/2014",46,"UnitedStates","Cases",0,0
"428","5/7/2014",46,"UnitedStates","Deaths",0,0
"429","5/7/2014",46,"Spain","Cases",0,0
"430","5/7/2014",46,"Spain","Deaths",0,0
"431","5/7/2014",46,"Mali","Cases",0,0
"432","5/7/2014",46,"Mali","Deaths",0,0
"433","5/10/2014",49,"Guinea","Cases",0,236
"434","5/10/2014",49,"Guinea","Deaths",0,158
"435","5/10/2014",49,"Liberia","Cases",0,35
"436","5/10/2014",49,"Liberia","Deaths",0,13
"437","5/10/2014",49,"SierraLeone","Cases",0,12
"438","5/10/2014",49,"SierraLeone","Deaths",0,5
"439","5/10/2014",49,"Nigeria","Cases",0,0
"440","5/10/2014",49,"Nigeria","Deaths",0,0
"441","5/10/2014",49,"Senegal","Cases",0,0
"442","5/10/2014",49,"Senegal","Deaths",0,0
"443","5/10/2014",49,"UnitedStates","Cases",0,0
"444","5/10/2014",49,"UnitedStates","Deaths",0,0
"445","5/10/2014",49,"Spain","Cases",0,0
"446","5/10/2014",49,"Spain","Deaths",0,0
"447","5/10/2014",49,"Mali","Cases",0,0
"448","5/10/2014",49,"Mali","Deaths",0,0
"449","5/12/2014",51,"Guinea","Cases",12,248
"450","5/12/2014",51,"Guinea","Deaths",13,171
"451","5/12/2014",51,"Liberia","Cases",0,35
"452","5/12/2014",51,"Liberia","Deaths",0,13
"453","5/12/2014",51,"SierraLeone","Cases",0,12
"454","5/12/2014",51,"SierraLeone","Deaths",0,5
"455","5/12/2014",51,"Nigeria","Cases",0,0
"456","5/12/2014",51,"Nigeria","Deaths",0,0
"457","5/12/2014",51,"Senegal","Cases",0,0
"458","5/12/2014",51,"Senegal","Deaths",0,0
"459","5/12/2014",51,"UnitedStates","Cases",0,0
"460","5/12/2014",51,"UnitedStates","Deaths",0,0
"461","5/12/2014",51,"Spain","Cases",0,0
"462","5/12/2014",51,"Spain","Deaths",0,0
"463","5/12/2014",51,"Mali","Cases",0,0
"464","5/12/2014",51,"Mali","Deaths",0,0
"465","5/23/2014",62,"Guinea","Cases",10,258
"466","5/23/2014",62,"Guinea","Deaths",3,174
"467","5/23/2014",62,"Liberia","Cases",0,35
"468","5/23/2014",62,"Liberia","Deaths",0,13
"469","5/23/2014",62,"SierraLeone","Cases",0,12
"470","5/23/2014",62,"SierraLeone","Deaths",0,5
"471","5/23/2014",62,"Nigeria","Cases",0,0
"472","5/23/2014",62,"Nigeria","Deaths",0,0
"473","5/23/2014",62,"Senegal","Cases",0,0
"474","5/23/2014",62,"Senegal","Deaths",0,0
"475","5/23/2014",62,"UnitedStates","Cases",0,0
"476","5/23/2014",62,"UnitedStates","Deaths",0,0
"477","5/23/2014",62,"Spain","Cases",0,0
"478","5/23/2014",62,"Spain","Deaths",0,0
"479","5/23/2014",62,"Mali","Cases",0,0
"480","5/23/2014",62,"Mali","Deaths",0,0
"481","5/27/2014",66,"Guinea","Cases",23,281
"482","5/27/2014",66,"Guinea","Deaths",12,186
"483","5/27/2014",66,"Liberia","Cases",0,35
"484","5/27/2014",66,"Liberia","Deaths",0,13
"485","5/27/2014",66,"SierraLeone","Cases",4,16
"486","5/27/2014",66,"SierraLeone","Deaths",0,5
"487","5/27/2014",66,"Nigeria","Cases",0,0
"488","5/27/2014",66,"Nigeria","Deaths",0,0
"489","5/27/2014",66,"Senegal","Cases",0,0
"490","5/27/2014",66,"Senegal","Deaths",0,0
"491","5/27/2014",66,"UnitedStates","Cases",0,0
"492","5/27/2014",66,"UnitedStates","Deaths",0,0
"493","5/27/2014",66,"Spain","Cases",0,0
"494","5/27/2014",66,"Spain","Deaths",0,0
"495","5/27/2014",66,"Mali","Cases",0,0
"496","5/27/2014",66,"Mali","Deaths",0,0
"497","5/28/2014",67,"Guinea","Cases",10,291
"498","5/28/2014",67,"Guinea","Deaths",7,193
"499","5/28/2014",67,"Liberia","Cases",0,35
"500","5/28/2014",67,"Liberia","Deaths",0,13
"501","5/28/2014",67,"SierraLeone","Cases",34,50
"502","5/28/2014",67,"SierraLeone","Deaths",1,6
"503","5/28/2014",67,"Nigeria","Cases",0,0
"504","5/28/2014",67,"Nigeria","Deaths",0,0
"505","5/28/2014",67,"Senegal","Cases",0,0
"506","5/28/2014",67,"Senegal","Deaths",0,0
"507","5/28/2014",67,"UnitedStates","Cases",0,0
"508","5/28/2014",67,"UnitedStates","Deaths",0,0
"509","5/28/2014",67,"Spain","Cases",0,0
"510","5/28/2014",67,"Spain","Deaths",0,0
"511","5/28/2014",67,"Mali","Cases",0,0
"512","5/28/2014",67,"Mali","Deaths",0,0
"513","6/1/2014",71,"Guinea","Cases",37,328
"514","6/1/2014",71,"Guinea","Deaths",15,208
"515","6/1/2014",71,"Liberia","Cases",0,35
"516","6/1/2014",71,"Liberia","Deaths",0,13
"517","6/1/2014",71,"SierraLeone","Cases",29,79
"518","6/1/2014",71,"SierraLeone","Deaths",0,6
"519","6/1/2014",71,"Nigeria","Cases",0,0
"520","6/1/2014",71,"Nigeria","Deaths",0,0
"521","6/1/2014",71,"Senegal","Cases",0,0
"522","6/1/2014",71,"Senegal","Deaths",0,0
"523","6/1/2014",71,"UnitedStates","Cases",0,0
"524","6/1/2014",71,"UnitedStates","Deaths",0,0
"525","6/1/2014",71,"Spain","Cases",0,0
"526","6/1/2014",71,"Spain","Deaths",0,0
"527","6/1/2014",71,"Mali","Cases",0,0
"528","6/1/2014",71,"Mali","Deaths",0,0
"529","6/3/2014",73,"Guinea","Cases",16,344
"530","6/3/2014",73,"Guinea","Deaths",7,215
"531","6/3/2014",73,"Liberia","Cases",0,35
"532","6/3/2014",73,"Liberia","Deaths",0,13
"533","6/3/2014",73,"SierraLeone","Cases",0,79
"534","6/3/2014",73,"SierraLeone","Deaths",0,6
"535","6/3/2014",73,"Nigeria","Cases",0,0
"536","6/3/2014",73,"Nigeria","Deaths",0,0
"537","6/3/2014",73,"Senegal","Cases",0,0
"538","6/3/2014",73,"Senegal","Deaths",0,0
"539","6/3/2014",73,"UnitedStates","Cases",0,0
"540","6/3/2014",73,"UnitedStates","Deaths",0,0
"541","6/3/2014",73,"Spain","Cases",0,0
"542","6/3/2014",73,"Spain","Deaths",0,0
"543","6/3/2014",73,"Mali","Cases",0,0
"544","6/3/2014",73,"Mali","Deaths",0,0
"545","6/5/2014",75,"Guinea","Cases",0,344
"546","6/5/2014",75,"Guinea","Deaths",0,215
"547","6/5/2014",75,"Liberia","Cases",0,35
"548","6/5/2014",75,"Liberia","Deaths",0,13
"549","6/5/2014",75,"SierraLeone","Cases",2,81
"550","6/5/2014",75,"SierraLeone","Deaths",0,6
"551","6/5/2014",75,"Nigeria","Cases",0,0
"552","6/5/2014",75,"Nigeria","Deaths",0,0
"553","6/5/2014",75,"Senegal","Cases",0,0
"554","6/5/2014",75,"Senegal","Deaths",0,0
"555","6/5/2014",75,"UnitedStates","Cases",0,0
"556","6/5/2014",75,"UnitedStates","Deaths",0,0
"557","6/5/2014",75,"Spain","Cases",0,0
"558","6/5/2014",75,"Spain","Deaths",0,0
"559","6/5/2014",75,"Mali","Cases",0,0
"560","6/5/2014",75,"Mali","Deaths",0,0
"561","6/10/2014",80,"Guinea","Cases",7,351
"562","6/10/2014",80,"Guinea","Deaths",11,226
"563","6/10/2014",80,"Liberia","Cases",0,35
"564","6/10/2014",80,"Liberia","Deaths",11,24
"565","6/10/2014",80,"SierraLeone","Cases",8,89
"566","6/10/2014",80,"SierraLeone","Deaths",1,7
"567","6/10/2014",80,"Nigeria","Cases",0,0
"568","6/10/2014",80,"Nigeria","Deaths",0,0
"569","6/10/2014",80,"Senegal","Cases",0,0
"570","6/10/2014",80,"Senegal","Deaths",0,0
"571","6/10/2014",80,"UnitedStates","Cases",0,0
"572","6/10/2014",80,"UnitedStates","Deaths",0,0
"573","6/10/2014",80,"Spain","Cases",0,0
"574","6/10/2014",80,"Spain","Deaths",0,0
"575","6/10/2014",80,"Mali","Cases",0,0
"576","6/10/2014",80,"Mali","Deaths",0,0
"577","6/16/2014",86,"Guinea","Cases",47,398
"578","6/16/2014",86,"Guinea","Deaths",38,264
"579","6/16/2014",86,"Liberia","Cases",0,35
"580","6/16/2014",86,"Liberia","Deaths",0,24
"581","6/16/2014",86,"SierraLeone","Cases",0,89
"582","6/16/2014",86,"SierraLeone","Deaths",0,7
"583","6/16/2014",86,"Nigeria","Cases",0,0
"584","6/16/2014",86,"Nigeria","Deaths",0,0
"585","6/16/2014",86,"Senegal","Cases",0,0
"586","6/16/2014",86,"Senegal","Deaths",0,0
"587","6/16/2014",86,"UnitedStates","Cases",0,0
"588","6/16/2014",86,"UnitedStates","Deaths",0,0
"589","6/16/2014",86,"Spain","Cases",0,0
"590","6/16/2014",86,"Spain","Deaths",0,0
"591","6/16/2014",86,"Mali","Cases",0,0
"592","6/16/2014",86,"Mali","Deaths",0,0
"593","6/17/2014",87,"Guinea","Cases",0,398
"594","6/17/2014",87,"Guinea","Deaths",0,264
"595","6/17/2014",87,"Liberia","Cases",0,35
"596","6/17/2014",87,"Liberia","Deaths",0,24
"597","6/17/2014",87,"SierraLeone","Cases",8,97
"598","6/17/2014",87,"SierraLeone","Deaths",42,49
"599","6/17/2014",87,"Nigeria","Cases",0,0
"600","6/17/2014",87,"Nigeria","Deaths",0,0
"601","6/17/2014",87,"Senegal","Cases",0,0
"602","6/17/2014",87,"Senegal","Deaths",0,0
"603","6/17/2014",87,"UnitedStates","Cases",0,0
"604","6/17/2014",87,"UnitedStates","Deaths",0,0
"605","6/17/2014",87,"Spain","Cases",0,0
"606","6/17/2014",87,"Spain","Deaths",0,0
"607","6/17/2014",87,"Mali","Cases",0,0
"608","6/17/2014",87,"Mali","Deaths",0,0
"609","6/18/2014",88,"Guinea","Cases",0,398
"610","6/18/2014",88,"Guinea","Deaths",3,267
"611","6/18/2014",88,"Liberia","Cases",0,35
"612","6/18/2014",88,"Liberia","Deaths",0,24
"613","6/18/2014",88,"SierraLeone","Cases",39,136
"614","6/18/2014",88,"SierraLeone","Deaths",0,49
"615","6/18/2014",88,"Nigeria","Cases",0,0
"616","6/18/2014",88,"Nigeria","Deaths",0,0
"617","6/18/2014",88,"Senegal","Cases",0,0
"618","6/18/2014",88,"Senegal","Deaths",0,0
"619","6/18/2014",88,"UnitedStates","Cases",0,0
"620","6/18/2014",88,"UnitedStates","Deaths",0,0
"621","6/18/2014",88,"Spain","Cases",0,0
"622","6/18/2014",88,"Spain","Deaths",0,0
"623","6/18/2014",88,"Mali","Cases",0,0
"624","6/18/2014",88,"Mali","Deaths",0,0
"625","6/19/2014",89,"Guinea","Cases",0,398
"626","6/19/2014",89,"Guinea","Deaths",0,267
"627","6/19/2014",89,"Liberia","Cases",6,41
"628","6/19/2014",89,"Liberia","Deaths",1,25
"629","6/19/2014",89,"SierraLeone","Cases",0,136
"630","6/19/2014",89,"SierraLeone","Deaths",0,49
"631","6/19/2014",89,"Nigeria","Cases",0,0
"632","6/19/2014",89,"Nigeria","Deaths",0,0
"633","6/19/2014",89,"Senegal","Cases",0,0
"634","6/19/2014",89,"Senegal","Deaths",0,0
"635","6/19/2014",89,"UnitedStates","Cases",0,0
"636","6/19/2014",89,"UnitedStates","Deaths",0,0
"637","6/19/2014",89,"Spain","Cases",0,0
"638","6/19/2014",89,"Spain","Deaths",0,0
"639","6/19/2014",89,"Mali","Cases",0,0
"640","6/19/2014",89,"Mali","Deaths",0,0
"641","6/20/2014",90,"Guinea","Cases",0,398
"642","6/20/2014",90,"Guinea","Deaths",3,270
"643","6/20/2014",90,"Liberia","Cases",0,41
"644","6/20/2014",90,"Liberia","Deaths",0,25
"645","6/20/2014",90,"SierraLeone","Cases",22,158
"646","6/20/2014",90,"SierraLeone","Deaths",0,49
"647","6/20/2014",90,"Nigeria","Cases",0,0
"648","6/20/2014",90,"Nigeria","Deaths",0,0
"649","6/20/2014",90,"Senegal","Cases",0,0
"650","6/20/2014",90,"Senegal","Deaths",0,0
"651","6/20/2014",90,"UnitedStates","Cases",0,0
"652","6/20/2014",90,"UnitedStates","Deaths",0,0
"653","6/20/2014",90,"Spain","Cases",0,0
"654","6/20/2014",90,"Spain","Deaths",0,0
"655","6/20/2014",90,"Mali","Cases",0,0
"656","6/20/2014",90,"Mali","Deaths",0,0
"657","6/22/2014",92,"Guinea","Cases",0,398
"658","6/22/2014",92,"Guinea","Deaths",0,270
"659","6/22/2014",92,"Liberia","Cases",10,51
"660","6/22/2014",92,"Liberia","Deaths",9,34
"661","6/22/2014",92,"SierraLeone","Cases",0,158
"662","6/22/2014",92,"SierraLeone","Deaths",0,49
"663","6/22/2014",92,"Nigeria","Cases",0,0
"664","6/22/2014",92,"Nigeria","Deaths",0,0
"665","6/22/2014",92,"Senegal","Cases",0,0
"666","6/22/2014",92,"Senegal","Deaths",0,0
"667","6/22/2014",92,"UnitedStates","Cases",0,0
"668","6/22/2014",92,"UnitedStates","Deaths",0,0
"669","6/22/2014",92,"Spain","Cases",0,0
"670","6/22/2014",92,"Spain","Deaths",0,0
"671","6/22/2014",92,"Mali","Cases",0,0
"672","6/22/2014",92,"Mali","Deaths",0,0
"673","6/30/2014",100,"Guinea","Cases",15,413
"674","6/30/2014",100,"Guinea","Deaths",33,303
"675","6/30/2014",100,"Liberia","Cases",56,107
"676","6/30/2014",100,"Liberia","Deaths",31,65
"677","6/30/2014",100,"SierraLeone","Cases",81,239
"678","6/30/2014",100,"SierraLeone","Deaths",50,99
"679","6/30/2014",100,"Nigeria","Cases",0,0
"680","6/30/2014",100,"Nigeria","Deaths",0,0
"681","6/30/2014",100,"Senegal","Cases",0,0
"682","6/30/2014",100,"Senegal","Deaths",0,0
"683","6/30/2014",100,"UnitedStates","Cases",0,0
"684","6/30/2014",100,"UnitedStates","Deaths",0,0
"685","6/30/2014",100,"Spain","Cases",0,0
"686","6/30/2014",100,"Spain","Deaths",0,0
"687","6/30/2014",100,"Mali","Cases",0,0
"688","6/30/2014",100,"Mali","Deaths",0,0
"689","7/2/2014",102,"Guinea","Cases",0,413
"690","7/2/2014",102,"Guinea","Deaths",2,305
"691","7/2/2014",102,"Liberia","Cases",8,115
"692","7/2/2014",102,"Liberia","Deaths",10,75
"693","7/2/2014",102,"SierraLeone","Cases",13,252
"694","7/2/2014",102,"SierraLeone","Deaths",2,101
"695","7/2/2014",102,"Nigeria","Cases",0,0
"696","7/2/2014",102,"Nigeria","Deaths",0,0
"697","7/2/2014",102,"Senegal","Cases",0,0
"698","7/2/2014",102,"Senegal","Deaths",0,0
"699","7/2/2014",102,"UnitedStates","Cases",0,0
"700","7/2/2014",102,"UnitedStates","Deaths",0,0
"701","7/2/2014",102,"Spain","Cases",0,0
"702","7/2/2014",102,"Spain","Deaths",0,0
"703","7/2/2014",102,"Mali","Cases",0,0
"704","7/2/2014",102,"Mali","Deaths",0,0
"705","7/6/2014",106,"Guinea","Cases",0,413
"706","7/6/2014",106,"Guinea","Deaths",2,307
"707","7/6/2014",106,"Liberia","Cases",16,131
"708","7/6/2014",106,"Liberia","Deaths",9,84
"709","7/6/2014",106,"SierraLeone","Cases",53,305
"710","7/6/2014",106,"SierraLeone","Deaths",26,127
"711","7/6/2014",106,"Nigeria","Cases",0,0
"712","7/6/2014",106,"Nigeria","Deaths",0,0
"713","7/6/2014",106,"Senegal","Cases",0,0
"714","7/6/2014",106,"Senegal","Deaths",0,0
"715","7/6/2014",106,"UnitedStates","Cases",0,0
"716","7/6/2014",106,"UnitedStates","Deaths",0,0
"717","7/6/2014",106,"Spain","Cases",0,0
"718","7/6/2014",106,"Spain","Deaths",0,0
"719","7/6/2014",106,"Mali","Cases",0,0
"720","7/6/2014",106,"Mali","Deaths",0,0
"721","7/8/2014",108,"Guinea","Cases",0,413
"722","7/8/2014",108,"Guinea","Deaths",2,309
"723","7/8/2014",108,"Liberia","Cases",11,142
"724","7/8/2014",108,"Liberia","Deaths",4,88
"725","7/8/2014",108,"SierraLeone","Cases",32,337
"726","7/8/2014",108,"SierraLeone","Deaths",15,142
"727","7/8/2014",108,"Nigeria","Cases",0,0
"728","7/8/2014",108,"Nigeria","Deaths",0,0
"729","7/8/2014",108,"Senegal","Cases",0,0
"730","7/8/2014",108,"Senegal","Deaths",0,0
"731","7/8/2014",108,"UnitedStates","Cases",0,0
"732","7/8/2014",108,"UnitedStates","Deaths",0,0
"733","7/8/2014",108,"Spain","Cases",0,0
"734","7/8/2014",108,"Spain","Deaths",0,0
"735","7/8/2014",108,"Mali","Cases",0,0
"736","7/8/2014",108,"Mali","Deaths",0,0
"737","7/12/2014",112,"Guinea","Cases",0,413
"738","7/12/2014",112,"Guinea","Deaths",0,309
"739","7/12/2014",112,"Liberia","Cases",30,172
"740","7/12/2014",112,"Liberia","Deaths",17,105
"741","7/12/2014",112,"SierraLeone","Cases",49,386
"742","7/12/2014",112,"SierraLeone","Deaths",52,194
"743","7/12/2014",112,"Nigeria","Cases",0,0
"744","7/12/2014",112,"Nigeria","Deaths",0,0
"745","7/12/2014",112,"Senegal","Cases",0,0
"746","7/12/2014",112,"Senegal","Deaths",0,0
"747","7/12/2014",112,"UnitedStates","Cases",0,0
"748","7/12/2014",112,"UnitedStates","Deaths",0,0
"749","7/12/2014",112,"Spain","Cases",0,0
"750","7/12/2014",112,"Spain","Deaths",0,0
"751","7/12/2014",112,"Mali","Cases",0,0
"752","7/12/2014",112,"Mali","Deaths",0,0
"753","7/14/2014",114,"Guinea","Cases",0,413
"754","7/14/2014",114,"Guinea","Deaths",1,310
"755","7/14/2014",114,"Liberia","Cases",2,174
"756","7/14/2014",114,"Liberia","Deaths",1,106
"757","7/14/2014",114,"SierraLeone","Cases",11,397
"758","7/14/2014",114,"SierraLeone","Deaths",3,197
"759","7/14/2014",114,"Nigeria","Cases",0,0
"760","7/14/2014",114,"Nigeria","Deaths",0,0
"761","7/14/2014",114,"Senegal","Cases",0,0
"762","7/14/2014",114,"Senegal","Deaths",0,0
"763","7/14/2014",114,"UnitedStates","Cases",0,0
"764","7/14/2014",114,"UnitedStates","Deaths",0,0
"765","7/14/2014",114,"Spain","Cases",0,0
"766","7/14/2014",114,"Spain","Deaths",0,0
"767","7/14/2014",114,"Mali","Cases",0,0
"768","7/14/2014",114,"Mali","Deaths",0,0
"769","7/17/2014",117,"Guinea","Cases",0,413
"770","7/17/2014",117,"Guinea","Deaths",0,310
"771","7/17/2014",117,"Liberia","Cases",22,196
"772","7/17/2014",117,"Liberia","Deaths",10,116
"773","7/17/2014",117,"SierraLeone","Cases",45,442
"774","7/17/2014",117,"SierraLeone","Deaths",9,206
"775","7/17/2014",117,"Nigeria","Cases",0,0
"776","7/17/2014",117,"Nigeria","Deaths",0,0
"777","7/17/2014",117,"Senegal","Cases",0,0
"778","7/17/2014",117,"Senegal","Deaths",0,0
"779","7/17/2014",117,"UnitedStates","Cases",0,0
"780","7/17/2014",117,"UnitedStates","Deaths",0,0
"781","7/17/2014",117,"Spain","Cases",0,0
"782","7/17/2014",117,"Spain","Deaths",0,0
"783","7/17/2014",117,"Mali","Cases",0,0
"784","7/17/2014",117,"Mali","Deaths",0,0
"785","7/20/2014",120,"Guinea","Cases",2,415
"786","7/20/2014",120,"Guinea","Deaths",4,314
"787","7/20/2014",120,"Liberia","Cases",28,224
"788","7/20/2014",120,"Liberia","Deaths",11,127
"789","7/20/2014",120,"SierraLeone","Cases",12,454
"790","7/20/2014",120,"SierraLeone","Deaths",13,219
"791","7/20/2014",120,"Nigeria","Cases",0,0
"792","7/20/2014",120,"Nigeria","Deaths",0,0
"793","7/20/2014",120,"Senegal","Cases",0,0
"794","7/20/2014",120,"Senegal","Deaths",0,0
"795","7/20/2014",120,"UnitedStates","Cases",0,0
"796","7/20/2014",120,"UnitedStates","Deaths",0,0
"797","7/20/2014",120,"Spain","Cases",0,0
"798","7/20/2014",120,"Spain","Deaths",0,0
"799","7/20/2014",120,"Mali","Cases",0,0
"800","7/20/2014",120,"Mali","Deaths",0,0
"801","7/23/2014",123,"Guinea","Cases",12,427
"802","7/23/2014",123,"Guinea","Deaths",5,319
"803","7/23/2014",123,"Liberia","Cases",25,249
"804","7/23/2014",123,"Liberia","Deaths",2,129
"805","7/23/2014",123,"SierraLeone","Cases",71,525
"806","7/23/2014",123,"SierraLeone","Deaths",5,224
"807","7/23/2014",123,"Nigeria","Cases",0,0
"808","7/23/2014",123,"Nigeria","Deaths",0,0
"809","7/23/2014",123,"Senegal","Cases",0,0
"810","7/23/2014",123,"Senegal","Deaths",0,0
"811","7/23/2014",123,"UnitedStates","Cases",0,0
"812","7/23/2014",123,"UnitedStates","Deaths",0,0
"813","7/23/2014",123,"Spain","Cases",0,0
"814","7/23/2014",123,"Spain","Deaths",0,0
"815","7/23/2014",123,"Mali","Cases",0,0
"816","7/23/2014",123,"Mali","Deaths",0,0
"817","7/27/2014",126,"Guinea","Cases",33,460
"818","7/27/2014",126,"Guinea","Deaths",20,339
"819","7/27/2014",126,"Liberia","Cases",80,329
"820","7/27/2014",126,"Liberia","Deaths",27,156
"821","7/27/2014",126,"SierraLeone","Cases",8,533
"822","7/27/2014",126,"SierraLeone","Deaths",9,233
"823","7/27/2014",126,"Nigeria","Cases",1,1
"824","7/27/2014",126,"Nigeria","Deaths",1,1
"825","7/27/2014",126,"Senegal","Cases",0,0
"826","7/27/2014",126,"Senegal","Deaths",0,0
"827","7/27/2014",126,"UnitedStates","Cases",0,0
"828","7/27/2014",126,"UnitedStates","Deaths",0,0
"829","7/27/2014",126,"Spain","Cases",0,0
"830","7/27/2014",126,"Spain","Deaths",0,0
"831","7/27/2014",126,"Mali","Cases",0,0
"832","7/27/2014",126,"Mali","Deaths",0,0
"833","7/30/2014",129,"Guinea","Cases",12,472
"834","7/30/2014",129,"Guinea","Deaths",7,346
"835","7/30/2014",129,"Liberia","Cases",62,391
"836","7/30/2014",129,"Liberia","Deaths",71,227
"837","7/30/2014",129,"SierraLeone","Cases",41,574
"838","7/30/2014",129,"SierraLeone","Deaths",19,252
"839","7/30/2014",129,"Nigeria","Cases",2,3
"840","7/30/2014",129,"Nigeria","Deaths",0,1
"841","7/30/2014",129,"Senegal","Cases",0,0
"842","7/30/2014",129,"Senegal","Deaths",0,0
"843","7/30/2014",129,"UnitedStates","Cases",0,0
"844","7/30/2014",129,"UnitedStates","Deaths",0,0
"845","7/30/2014",129,"Spain","Cases",0,0
"846","7/30/2014",129,"Spain","Deaths",0,0
"847","7/30/2014",129,"Mali","Cases",0,0
"848","7/30/2014",129,"Mali","Deaths",0,0
"849","8/1/2014",132,"Guinea","Cases",13,485
"850","8/1/2014",132,"Guinea","Deaths",12,358
"851","8/1/2014",132,"Liberia","Cases",77,468
"852","8/1/2014",132,"Liberia","Deaths",28,255
"853","8/1/2014",132,"SierraLeone","Cases",72,646
"854","8/1/2014",132,"SierraLeone","Deaths",21,273
"855","8/1/2014",132,"Nigeria","Cases",1,4
"856","8/1/2014",132,"Nigeria","Deaths",0,1
"857","8/1/2014",132,"Senegal","Cases",0,0
"858","8/1/2014",132,"Senegal","Deaths",0,0
"859","8/1/2014",132,"UnitedStates","Cases",0,0
"860","8/1/2014",132,"UnitedStates","Deaths",0,0
"861","8/1/2014",132,"Spain","Cases",0,0
"862","8/1/2014",132,"Spain","Deaths",0,0
"863","8/1/2014",132,"Mali","Cases",0,0
"864","8/1/2014",132,"Mali","Deaths",0,0
"865","8/4/2014",135,"Guinea","Cases",10,495
"866","8/4/2014",135,"Guinea","Deaths",5,363
"867","8/4/2014",135,"Liberia","Cases",48,516
"868","8/4/2014",135,"Liberia","Deaths",27,282
"869","8/4/2014",135,"SierraLeone","Cases",45,691
"870","8/4/2014",135,"SierraLeone","Deaths",13,286
"871","8/4/2014",135,"Nigeria","Cases",5,9
"872","8/4/2014",135,"Nigeria","Deaths",0,1
"873","8/4/2014",135,"Senegal","Cases",0,0
"874","8/4/2014",135,"Senegal","Deaths",0,0
"875","8/4/2014",135,"UnitedStates","Cases",0,0
"876","8/4/2014",135,"UnitedStates","Deaths",0,0
"877","8/4/2014",135,"Spain","Cases",0,0
"878","8/4/2014",135,"Spain","Deaths",0,0
"879","8/4/2014",135,"Mali","Cases",0,0
"880","8/4/2014",135,"Mali","Deaths",0,0
"881","8/6/2014",137,"Guinea","Cases",0,495
"882","8/6/2014",137,"Guinea","Deaths",4,367
"883","8/6/2014",137,"Liberia","Cases",38,554
"884","8/6/2014",137,"Liberia","Deaths",12,294
"885","8/6/2014",137,"SierraLeone","Cases",26,717
"886","8/6/2014",137,"SierraLeone","Deaths",12,298
"887","8/6/2014",137,"Nigeria","Cases",4,13
"888","8/6/2014",137,"Nigeria","Deaths",1,2
"889","8/6/2014",137,"Senegal","Cases",0,0
"890","8/6/2014",137,"Senegal","Deaths",0,0
"891","8/6/2014",137,"UnitedStates","Cases",0,0
"892","8/6/2014",137,"UnitedStates","Deaths",0,0
"893","8/6/2014",137,"Spain","Cases",0,0
"894","8/6/2014",137,"Spain","Deaths",0,0
"895","8/6/2014",137,"Mali","Cases",0,0
"896","8/6/2014",137,"Mali","Deaths",0,0
"897","8/9/2014",140,"Guinea","Cases",11,506
"898","8/9/2014",140,"Guinea","Deaths",6,373
"899","8/9/2014",140,"Liberia","Cases",45,599
"900","8/9/2014",140,"Liberia","Deaths",29,323
"901","8/9/2014",140,"SierraLeone","Cases",13,730
"902","8/9/2014",140,"SierraLeone","Deaths",17,315
"903","8/9/2014",140,"Nigeria","Cases",0,13
"904","8/9/2014",140,"Nigeria","Deaths",0,2
"905","8/9/2014",140,"Senegal","Cases",0,0
"906","8/9/2014",140,"Senegal","Deaths",0,0
"907","8/9/2014",140,"UnitedStates","Cases",0,0
"908","8/9/2014",140,"UnitedStates","Deaths",0,0
"909","8/9/2014",140,"Spain","Cases",0,0
"910","8/9/2014",140,"Spain","Deaths",0,0
"911","8/9/2014",140,"Mali","Cases",0,0
"912","8/9/2014",140,"Mali","Deaths",0,0
"913","8/11/2014",142,"Guinea","Cases",4,510
"914","8/11/2014",142,"Guinea","Deaths",4,377
"915","8/11/2014",142,"Liberia","Cases",71,670
"916","8/11/2014",142,"Liberia","Deaths",32,355
"917","8/11/2014",142,"SierraLeone","Cases",53,783
"918","8/11/2014",142,"SierraLeone","Deaths",19,334
"919","8/11/2014",142,"Nigeria","Cases",0,13
"920","8/11/2014",142,"Nigeria","Deaths",1,3
"921","8/11/2014",142,"Senegal","Cases",0,0
"922","8/11/2014",142,"Senegal","Deaths",0,0
"923","8/11/2014",142,"UnitedStates","Cases",0,0
"924","8/11/2014",142,"UnitedStates","Deaths",0,0
"925","8/11/2014",142,"Spain","Cases",0,0
"926","8/11/2014",142,"Spain","Deaths",0,0
"927","8/11/2014",142,"Mali","Cases",0,0
"928","8/11/2014",142,"Mali","Deaths",0,0
"929","8/13/2014",144,"Guinea","Cases",9,519
"930","8/13/2014",144,"Guinea","Deaths",3,380
"931","8/13/2014",144,"Liberia","Cases",116,786
"932","8/13/2014",144,"Liberia","Deaths",58,413
"933","8/13/2014",144,"SierraLeone","Cases",27,810
"934","8/13/2014",144,"SierraLeone","Deaths",14,348
"935","8/13/2014",144,"Nigeria","Cases",0,13
"936","8/13/2014",144,"Nigeria","Deaths",1,4
"937","8/13/2014",144,"Senegal","Cases",0,0
"938","8/13/2014",144,"Senegal","Deaths",0,0
"939","8/13/2014",144,"UnitedStates","Cases",0,0
"940","8/13/2014",144,"UnitedStates","Deaths",0,0
"941","8/13/2014",144,"Spain","Cases",0,0
"942","8/13/2014",144,"Spain","Deaths",0,0
"943","8/13/2014",144,"Mali","Cases",0,0
"944","8/13/2014",144,"Mali","Deaths",0,0
"945","8/16/2014",147,"Guinea","Cases",24,543
"946","8/16/2014",147,"Guinea","Deaths",14,394
"947","8/16/2014",147,"Liberia","Cases",48,834
"948","8/16/2014",147,"Liberia","Deaths",53,466
"949","8/16/2014",147,"SierraLeone","Cases",38,848
"950","8/16/2014",147,"SierraLeone","Deaths",17,365
"951","8/16/2014",147,"Nigeria","Cases",2,15
"952","8/16/2014",147,"Nigeria","Deaths",0,4
"953","8/16/2014",147,"Senegal","Cases",0,0
"954","8/16/2014",147,"Senegal","Deaths",0,0
"955","8/16/2014",147,"UnitedStates","Cases",0,0
"956","8/16/2014",147,"UnitedStates","Deaths",0,0
"957","8/16/2014",147,"Spain","Cases",0,0
"958","8/16/2014",147,"Spain","Deaths",0,0
"959","8/16/2014",147,"Mali","Cases",0,0
"960","8/16/2014",147,"Mali","Deaths",0,0
"961","8/18/2014",149,"Guinea","Cases",36,579
"962","8/18/2014",149,"Guinea","Deaths",2,396
"963","8/18/2014",149,"Liberia","Cases",138,972
"964","8/18/2014",149,"Liberia","Deaths",110,576
"965","8/18/2014",149,"SierraLeone","Cases",59,907
"966","8/18/2014",149,"SierraLeone","Deaths",9,374
"967","8/18/2014",149,"Nigeria","Cases",0,15
"968","8/18/2014",149,"Nigeria","Deaths",0,4
"969","8/18/2014",149,"Senegal","Cases",0,0
"970","8/18/2014",149,"Senegal","Deaths",0,0
"971","8/18/2014",149,"UnitedStates","Cases",0,0
"972","8/18/2014",149,"UnitedStates","Deaths",0,0
"973","8/18/2014",149,"Spain","Cases",0,0
"974","8/18/2014",149,"Spain","Deaths",0,0
"975","8/18/2014",149,"Mali","Cases",0,0
"976","8/18/2014",149,"Mali","Deaths",0,0
"977","8/20/2014",151,"Guinea","Cases",28,607
"978","8/20/2014",151,"Guinea","Deaths",10,406
"979","8/20/2014",151,"Liberia","Cases",110,1082
"980","8/20/2014",151,"Liberia","Deaths",48,624
"981","8/20/2014",151,"SierraLeone","Cases",3,910
"982","8/20/2014",151,"SierraLeone","Deaths",18,392
"983","8/20/2014",151,"Nigeria","Cases",1,16
"984","8/20/2014",151,"Nigeria","Deaths",1,5
"985","8/20/2014",151,"Senegal","Cases",0,0
"986","8/20/2014",151,"Senegal","Deaths",0,0
"987","8/20/2014",151,"UnitedStates","Cases",0,0
"988","8/20/2014",151,"UnitedStates","Deaths",0,0
"989","8/20/2014",151,"Spain","Cases",0,0
"990","8/20/2014",151,"Spain","Deaths",0,0
"991","8/20/2014",151,"Mali","Cases",0,0
"992","8/20/2014",151,"Mali","Deaths",0,0
"993","8/26/2014",157,"Guinea","Cases",41,648
"994","8/26/2014",157,"Guinea","Deaths",24,430
"995","8/26/2014",157,"Liberia","Cases",296,1378
"996","8/26/2014",157,"Liberia","Deaths",70,694
"997","8/26/2014",157,"SierraLeone","Cases",116,1026
"998","8/26/2014",157,"SierraLeone","Deaths",30,422
"999","8/26/2014",157,"Nigeria","Cases",1,17
"1000","8/26/2014",157,"Nigeria","Deaths",1,6
"1001","8/26/2014",157,"Senegal","Cases",0,0
"1002","8/26/2014",157,"Senegal","Deaths",0,0
"1003","8/26/2014",157,"UnitedStates","Cases",0,0
"1004","8/26/2014",157,"UnitedStates","Deaths",0,0
"1005","8/26/2014",157,"Spain","Cases",0,0
"1006","8/26/2014",157,"Spain","Deaths",0,0
"1007","8/26/2014",157,"Mali","Cases",0,0
"1008","8/26/2014",157,"Mali","Deaths",0,0
"1009","8/31/2014",162,"Guinea","Cases",123,771
"1010","8/31/2014",162,"Guinea","Deaths",64,494
"1011","8/31/2014",162,"Liberia","Cases",320,1698
"1012","8/31/2014",162,"Liberia","Deaths",177,871
"1013","8/31/2014",162,"SierraLeone","Cases",190,1216
"1014","8/31/2014",162,"SierraLeone","Deaths",54,476
"1015","8/31/2014",162,"Nigeria","Cases",4,21
"1016","8/31/2014",162,"Nigeria","Deaths",1,7
"1017","8/31/2014",162,"Senegal","Cases",1,1
"1018","8/31/2014",162,"Senegal","Deaths",0,0
"1019","8/31/2014",162,"UnitedStates","Cases",0,0
"1020","8/31/2014",162,"UnitedStates","Deaths",0,0
"1021","8/31/2014",162,"Spain","Cases",0,0
"1022","8/31/2014",162,"Spain","Deaths",0,0
"1023","8/31/2014",162,"Mali","Cases",0,0
"1024","8/31/2014",162,"Mali","Deaths",0,0
"1025","9/5/2014",167,"Guinea","Cases",41,812
"1026","9/5/2014",167,"Guinea","Deaths",23,517
"1027","9/5/2014",167,"Liberia","Cases",173,1871
"1028","9/5/2014",167,"Liberia","Deaths",218,1089
"1029","9/5/2014",167,"SierraLeone","Cases",45,1261
"1030","9/5/2014",167,"SierraLeone","Deaths",15,491
"1031","9/5/2014",167,"Nigeria","Cases",1,22
"1032","9/5/2014",167,"Nigeria","Deaths",1,8
"1033","9/5/2014",167,"Senegal","Cases",0,1
"1034","9/5/2014",167,"Senegal","Deaths",0,0
"1035","9/5/2014",167,"UnitedStates","Cases",0,0
"1036","9/5/2014",167,"UnitedStates","Deaths",0,0
"1037","9/5/2014",167,"Spain","Cases",0,0
"1038","9/5/2014",167,"Spain","Deaths",0,0
"1039","9/5/2014",167,"Mali","Cases",0,0
"1040","9/5/2014",167,"Mali","Deaths",0,0
"1041","9/7/2014",169,"Guinea","Cases",49,861
"1042","9/7/2014",169,"Guinea","Deaths",40,557
"1043","9/7/2014",169,"Liberia","Cases",210,2081
"1044","9/7/2014",169,"Liberia","Deaths",48,1137
"1045","9/7/2014",169,"SierraLeone","Cases",163,1424
"1046","9/7/2014",169,"SierraLeone","Deaths",33,524
"1047","9/7/2014",169,"Nigeria","Cases",0,22
"1048","9/7/2014",169,"Nigeria","Deaths",0,8
"1049","9/7/2014",169,"Senegal","Cases",2,3
"1050","9/7/2014",169,"Senegal","Deaths",0,0
"1051","9/7/2014",169,"UnitedStates","Cases",0,0
"1052","9/7/2014",169,"UnitedStates","Deaths",0,0
"1053","9/7/2014",169,"Spain","Cases",0,0
"1054","9/7/2014",169,"Spain","Deaths",0,0
"1055","9/7/2014",169,"Mali","Cases",0,0
"1056","9/7/2014",169,"Mali","Deaths",0,0
"1057","9/9/2014",171,"Guinea","Cases",0,861
"1058","9/9/2014",171,"Guinea","Deaths",0,557
"1059","9/9/2014",171,"Liberia","Cases",326,2407
"1060","9/9/2014",171,"Liberia","Deaths",0,1137
"1061","9/9/2014",171,"SierraLeone","Cases",0,1424
"1062","9/9/2014",171,"SierraLeone","Deaths",0,524
"1063","9/9/2014",171,"Nigeria","Cases",0,22
"1064","9/9/2014",171,"Nigeria","Deaths",0,8
"1065","9/9/2014",171,"Senegal","Cases",0,3
"1066","9/9/2014",171,"Senegal","Deaths",0,0
"1067","9/9/2014",171,"UnitedStates","Cases",0,0
"1068","9/9/2014",171,"UnitedStates","Deaths",0,0
"1069","9/9/2014",171,"Spain","Cases",0,0
"1070","9/9/2014",171,"Spain","Deaths",0,0
"1071","9/9/2014",171,"Mali","Cases",0,0
"1072","9/9/2014",171,"Mali","Deaths",0,0
"1073","9/10/2014",172,"Guinea","Cases",38,899
"1074","9/10/2014",172,"Guinea","Deaths",11,568
"1075","9/10/2014",172,"Liberia","Cases",0,2407
"1076","9/10/2014",172,"Liberia","Deaths",0,1137
"1077","9/10/2014",172,"SierraLeone","Cases",54,1478
"1078","9/10/2014",172,"SierraLeone","Deaths",12,536
"1079","9/10/2014",172,"Nigeria","Cases",0,22
"1080","9/10/2014",172,"Nigeria","Deaths",0,8
"1081","9/10/2014",172,"Senegal","Cases",0,3
"1082","9/10/2014",172,"Senegal","Deaths",0,0
"1083","9/10/2014",172,"UnitedStates","Cases",0,0
"1084","9/10/2014",172,"UnitedStates","Deaths",0,0
"1085","9/10/2014",172,"Spain","Cases",0,0
"1086","9/10/2014",172,"Spain","Deaths",0,0
"1087","9/10/2014",172,"Mali","Cases",0,0
"1088","9/10/2014",172,"Mali","Deaths",0,0
"1089","9/13/2014",175,"Guinea","Cases",37,936
"1090","9/13/2014",175,"Guinea","Deaths",27,595
"1091","9/13/2014",175,"Liberia","Cases",0,2407
"1092","9/13/2014",175,"Liberia","Deaths",159,1296
"1093","9/13/2014",175,"SierraLeone","Cases",142,1620
"1094","9/13/2014",175,"SierraLeone","Deaths",26,562
"1095","9/13/2014",175,"Nigeria","Cases",0,22
"1096","9/13/2014",175,"Nigeria","Deaths",0,8
"1097","9/13/2014",175,"Senegal","Cases",0,3
"1098","9/13/2014",175,"Senegal","Deaths",0,0
"1099","9/13/2014",175,"UnitedStates","Cases",0,0
"1100","9/13/2014",175,"UnitedStates","Deaths",0,0
"1101","9/13/2014",175,"Spain","Cases",0,0
"1102","9/13/2014",175,"Spain","Deaths",0,0
"1103","9/13/2014",175,"Mali","Cases",0,0
"1104","9/13/2014",175,"Mali","Deaths",0,0
"1105","9/14/2014",176,"Guinea","Cases",6,942
"1106","9/14/2014",176,"Guinea","Deaths",6,601
"1107","9/14/2014",176,"Liberia","Cases",303,2710
"1108","9/14/2014",176,"Liberia","Deaths",163,1459
"1109","9/14/2014",176,"SierraLeone","Cases",53,1673
"1110","9/14/2014",176,"SierraLeone","Deaths",0,562
"1111","9/14/2014",176,"Nigeria","Cases",0,22
"1112","9/14/2014",176,"Nigeria","Deaths",0,8
"1113","9/14/2014",176,"Senegal","Cases",0,3
"1114","9/14/2014",176,"Senegal","Deaths",0,0
"1115","9/14/2014",176,"UnitedStates","Cases",0,0
"1116","9/14/2014",176,"UnitedStates","Deaths",0,0
"1117","9/14/2014",176,"Spain","Cases",0,0
"1118","9/14/2014",176,"Spain","Deaths",0,0
"1119","9/14/2014",176,"Mali","Cases",0,0
"1120","9/14/2014",176,"Mali","Deaths",0,0
"1121","9/17/2014",179,"Guinea","Cases",0,942
"1122","9/17/2014",179,"Guinea","Deaths",0,601
"1123","9/17/2014",179,"Liberia","Cases",312,3022
"1124","9/17/2014",179,"Liberia","Deaths",119,1578
"1125","9/17/2014",179,"SierraLeone","Cases",0,1673
"1126","9/17/2014",179,"SierraLeone","Deaths",0,562
"1127","9/17/2014",179,"Nigeria","Cases",0,22
"1128","9/17/2014",179,"Nigeria","Deaths",0,8
"1129","9/17/2014",179,"Senegal","Cases",0,3
"1130","9/17/2014",179,"Senegal","Deaths",0,0
"1131","9/17/2014",179,"UnitedStates","Cases",0,0
"1132","9/17/2014",179,"UnitedStates","Deaths",0,0
"1133","9/17/2014",179,"Spain","Cases",0,0
"1134","9/17/2014",179,"Spain","Deaths",0,0
"1135","9/17/2014",179,"Mali","Cases",0,0
"1136","9/17/2014",179,"Mali","Deaths",0,0
"1137","9/19/2014",181,"Guinea","Cases",66,1008
"1138","9/19/2014",181,"Guinea","Deaths",31,632
"1139","9/19/2014",181,"Liberia","Cases",0,3022
"1140","9/19/2014",181,"Liberia","Deaths",0,1578
"1141","9/19/2014",181,"SierraLeone","Cases",0,1673
"1142","9/19/2014",181,"SierraLeone","Deaths",0,562
"1143","9/19/2014",181,"Nigeria","Cases",0,22
"1144","9/19/2014",181,"Nigeria","Deaths",0,8
"1145","9/19/2014",181,"Senegal","Cases",0,3
"1146","9/19/2014",181,"Senegal","Deaths",0,0
"1147","9/19/2014",181,"UnitedStates","Cases",0,0
"1148","9/19/2014",181,"UnitedStates","Deaths",0,0
"1149","9/19/2014",181,"Spain","Cases",0,0
"1150","9/19/2014",181,"Spain","Deaths",0,0
"1151","9/19/2014",181,"Mali","Cases",0,0
"1152","9/19/2014",181,"Mali","Deaths",0,0
"1153","9/20/2014",182,"Guinea","Cases",0,1008
"1154","9/20/2014",182,"Guinea","Deaths",0,632
"1155","9/20/2014",182,"Liberia","Cases",0,3022
"1156","9/20/2014",182,"Liberia","Deaths",0,1578
"1157","9/20/2014",182,"SierraLeone","Cases",140,1813
"1158","9/20/2014",182,"SierraLeone","Deaths",31,593
"1159","9/20/2014",182,"Nigeria","Cases",0,22
"1160","9/20/2014",182,"Nigeria","Deaths",0,8
"1161","9/20/2014",182,"Senegal","Cases",0,3
"1162","9/20/2014",182,"Senegal","Deaths",0,0
"1163","9/20/2014",182,"UnitedStates","Cases",0,0
"1164","9/20/2014",182,"UnitedStates","Deaths",0,0
"1165","9/20/2014",182,"Spain","Cases",0,0
"1166","9/20/2014",182,"Spain","Deaths",0,0
"1167","9/20/2014",182,"Mali","Cases",0,0
"1168","9/20/2014",182,"Mali","Deaths",0,0
"1169","9/21/2014",183,"Guinea","Cases",14,1022
"1170","9/21/2014",183,"Guinea","Deaths",3,635
"1171","9/21/2014",183,"Liberia","Cases",258,3280
"1172","9/21/2014",183,"Liberia","Deaths",99,1677
"1173","9/21/2014",183,"SierraLeone","Cases",127,1940
"1174","9/21/2014",183,"SierraLeone","Deaths",4,597
"1175","9/21/2014",183,"Nigeria","Cases",0,22
"1176","9/21/2014",183,"Nigeria","Deaths",0,8
"1177","9/21/2014",183,"Senegal","Cases",0,3
"1178","9/21/2014",183,"Senegal","Deaths",0,0
"1179","9/21/2014",183,"UnitedStates","Cases",0,0
"1180","9/21/2014",183,"UnitedStates","Deaths",0,0
"1181","9/21/2014",183,"Spain","Cases",0,0
"1182","9/21/2014",183,"Spain","Deaths",0,0
"1183","9/21/2014",183,"Mali","Cases",0,0
"1184","9/21/2014",183,"Mali","Deaths",0,0
"1185","9/23/2014",185,"Guinea","Cases",52,1074
"1186","9/23/2014",185,"Guinea","Deaths",13,648
"1187","9/23/2014",185,"Liberia","Cases",178,3458
"1188","9/23/2014",185,"Liberia","Deaths",153,1830
"1189","9/23/2014",185,"SierraLeone","Cases",81,2021
"1190","9/23/2014",185,"SierraLeone","Deaths",8,605
"1191","9/23/2014",185,"Nigeria","Cases",0,22
"1192","9/23/2014",185,"Nigeria","Deaths",0,8
"1193","9/23/2014",185,"Senegal","Cases",0,3
"1194","9/23/2014",185,"Senegal","Deaths",0,0
"1195","9/23/2014",185,"UnitedStates","Cases",0,0
"1196","9/23/2014",185,"UnitedStates","Deaths",0,0
"1197","9/23/2014",185,"Spain","Cases",0,0
"1198","9/23/2014",185,"Spain","Deaths",0,0
"1199","9/23/2014",185,"Mali","Cases",0,0
"1200","9/23/2014",185,"Mali","Deaths",0,0
"1201","9/28/2014",190,"Guinea","Cases",83,1157
"1202","9/28/2014",190,"Guinea","Deaths",62,710
"1203","9/28/2014",190,"Liberia","Cases",238,3696
"1204","9/28/2014",190,"Liberia","Deaths",168,1998
"1205","9/28/2014",190,"SierraLeone","Cases",283,2304
"1206","9/28/2014",190,"SierraLeone","Deaths",17,622
"1207","9/28/2014",190,"Nigeria","Cases",0,22
"1208","9/28/2014",190,"Nigeria","Deaths",0,8
"1209","9/28/2014",190,"Senegal","Cases",0,3
"1210","9/28/2014",190,"Senegal","Deaths",0,0
"1211","9/28/2014",190,"UnitedStates","Cases",0,0
"1212","9/28/2014",190,"UnitedStates","Deaths",0,0
"1213","9/28/2014",190,"Spain","Cases",0,0
"1214","9/28/2014",190,"Spain","Deaths",0,0
"1215","9/28/2014",190,"Mali","Cases",0,0
"1216","9/28/2014",190,"Mali","Deaths",0,0
"1217","10/1/2014",193,"Guinea","Cases",42,1199
"1218","10/1/2014",193,"Guinea","Deaths",29,739
"1219","10/1/2014",193,"Liberia","Cases",138,3834
"1220","10/1/2014",193,"Liberia","Deaths",71,2069
"1221","10/1/2014",193,"SierraLeone","Cases",133,2437
"1222","10/1/2014",193,"SierraLeone","Deaths",1,623
"1223","10/1/2014",193,"Nigeria","Cases",0,22
"1224","10/1/2014",193,"Nigeria","Deaths",0,8
"1225","10/1/2014",193,"Senegal","Cases",0,3
"1226","10/1/2014",193,"Senegal","Deaths",0,0
"1227","10/1/2014",193,"UnitedStates","Cases",1,1
"1228","10/1/2014",193,"UnitedStates","Deaths",0,0
"1229","10/1/2014",193,"Spain","Cases",0,0
"1230","10/1/2014",193,"Spain","Deaths",0,0
"1231","10/1/2014",193,"Mali","Cases",0,0
"1232","10/1/2014",193,"Mali","Deaths",0,0
"1233","10/4/2014",196,"Guinea","Cases",0,1199
"1234","10/4/2014",196,"Guinea","Deaths",0,739
"1235","10/4/2014",196,"Liberia","Cases",90,3924
"1236","10/4/2014",196,"Liberia","Deaths",141,2210
"1237","10/4/2014",196,"SierraLeone","Cases",0,2437
"1238","10/4/2014",196,"SierraLeone","Deaths",0,623
"1239","10/4/2014",196,"Nigeria","Cases",0,22
"1240","10/4/2014",196,"Nigeria","Deaths",0,8
"1241","10/4/2014",196,"Senegal","Cases",0,3
"1242","10/4/2014",196,"Senegal","Deaths",0,0
"1243","10/4/2014",196,"UnitedStates","Cases",0,1
"1244","10/4/2014",196,"UnitedStates","Deaths",0,0
"1245","10/4/2014",196,"Spain","Cases",0,0
"1246","10/4/2014",196,"Spain","Deaths",0,0
"1247","10/4/2014",196,"Mali","Cases",0,0
"1248","10/4/2014",196,"Mali","Deaths",0,0
"1249","10/5/2014",197,"Guinea","Cases",99,1298
"1250","10/5/2014",197,"Guinea","Deaths",29,768
"1251","10/5/2014",197,"Liberia","Cases",0,3924
"1252","10/5/2014",197,"Liberia","Deaths",0,2210
"1253","10/5/2014",197,"SierraLeone","Cases",352,2789
"1254","10/5/2014",197,"SierraLeone","Deaths",256,879
"1255","10/5/2014",197,"Nigeria","Cases",0,22
"1256","10/5/2014",197,"Nigeria","Deaths",0,8
"1257","10/5/2014",197,"Senegal","Cases",0,3
"1258","10/5/2014",197,"Senegal","Deaths",0,0
"1259","10/5/2014",197,"UnitedStates","Cases",0,1
"1260","10/5/2014",197,"UnitedStates","Deaths",0,0
"1261","10/5/2014",197,"Spain","Cases",0,0
"1262","10/5/2014",197,"Spain","Deaths",0,0
"1263","10/5/2014",197,"Mali","Cases",0,0
"1264","10/5/2014",197,"Mali","Deaths",0,0
"1265","10/7/2014",199,"Guinea","Cases",52,1350
"1266","10/7/2014",199,"Guinea","Deaths",10,778
"1267","10/7/2014",199,"Liberia","Cases",152,4076
"1268","10/7/2014",199,"Liberia","Deaths",106,2316
"1269","10/7/2014",199,"SierraLeone","Cases",0,2789
"1270","10/7/2014",199,"SierraLeone","Deaths",0,879
"1271","10/7/2014",199,"Nigeria","Cases",0,22
"1272","10/7/2014",199,"Nigeria","Deaths",0,8
"1273","10/7/2014",199,"Senegal","Cases",0,3
"1274","10/7/2014",199,"Senegal","Deaths",0,0
"1275","10/7/2014",199,"UnitedStates","Cases",0,1
"1276","10/7/2014",199,"UnitedStates","Deaths",0,0
"1277","10/7/2014",199,"Spain","Cases",0,0
"1278","10/7/2014",199,"Spain","Deaths",0,0
"1279","10/7/2014",199,"Mali","Cases",0,0
"1280","10/7/2014",199,"Mali","Deaths",0,0
"1281","10/8/2014",200,"Guinea","Cases",0,1350
"1282","10/8/2014",200,"Guinea","Deaths",0,778
"1283","10/8/2014",200,"Liberia","Cases",0,4076
"1284","10/8/2014",200,"Liberia","Deaths",0,2316
"1285","10/8/2014",200,"SierraLeone","Cases",161,2950
"1286","10/8/2014",200,"SierraLeone","Deaths",51,930
"1287","10/8/2014",200,"Nigeria","Cases",0,22
"1288","10/8/2014",200,"Nigeria","Deaths",0,8
"1289","10/8/2014",200,"Senegal","Cases",0,3
"1290","10/8/2014",200,"Senegal","Deaths",0,0
"1291","10/8/2014",200,"UnitedStates","Cases",0,1
"1292","10/8/2014",200,"UnitedStates","Deaths",1,1
"1293","10/8/2014",200,"Spain","Cases",1,1
"1294","10/8/2014",200,"Spain","Deaths",1,1
"1295","10/8/2014",200,"Mali","Cases",0,0
"1296","10/8/2014",200,"Mali","Deaths",0,0
"1297","10/11/2014",203,"Guinea","Cases",0,1350
"1298","10/11/2014",203,"Guinea","Deaths",0,778
"1299","10/11/2014",203,"Liberia","Cases",173,4249
"1300","10/11/2014",203,"Liberia","Deaths",142,2458
"1301","10/11/2014",203,"SierraLeone","Cases",0,2950
"1302","10/11/2014",203,"SierraLeone","Deaths",0,930
"1303","10/11/2014",203,"Nigeria","Cases",0,22
"1304","10/11/2014",203,"Nigeria","Deaths",0,8
"1305","10/11/2014",203,"Senegal","Cases",0,3
"1306","10/11/2014",203,"Senegal","Deaths",0,0
"1307","10/11/2014",203,"UnitedStates","Cases",0,1
"1308","10/11/2014",203,"UnitedStates","Deaths",0,1
"1309","10/11/2014",203,"Spain","Cases",0,1
"1310","10/11/2014",203,"Spain","Deaths",0,1
"1311","10/11/2014",203,"Mali","Cases",0,0
"1312","10/11/2014",203,"Mali","Deaths",0,0
"1313","10/12/2014",204,"Guinea","Cases",122,1472
"1314","10/12/2014",204,"Guinea","Deaths",65,843
"1315","10/12/2014",204,"Liberia","Cases",0,4249
"1316","10/12/2014",204,"Liberia","Deaths",0,2458
"1317","10/12/2014",204,"SierraLeone","Cases",302,3252
"1318","10/12/2014",204,"SierraLeone","Deaths",253,1183
"1319","10/12/2014",204,"Nigeria","Cases",0,22
"1320","10/12/2014",204,"Nigeria","Deaths",0,8
"1321","10/12/2014",204,"Senegal","Cases",0,3
"1322","10/12/2014",204,"Senegal","Deaths",0,0
"1323","10/12/2014",204,"UnitedStates","Cases",1,2
"1324","10/12/2014",204,"UnitedStates","Deaths",0,1
"1325","10/12/2014",204,"Spain","Cases",0,1
"1326","10/12/2014",204,"Spain","Deaths",0,1
"1327","10/12/2014",204,"Mali","Cases",0,0
"1328","10/12/2014",204,"Mali","Deaths",0,0
"1329","10/13/2014",205,"Guinea","Cases",0,1472
"1330","10/13/2014",205,"Guinea","Deaths",0,843
"1331","10/13/2014",205,"Liberia","Cases",13,4262
"1332","10/13/2014",205,"Liberia","Deaths",26,2484
"1333","10/13/2014",205,"SierraLeone","Cases",0,3252
"1334","10/13/2014",205,"SierraLeone","Deaths",0,1183
"1335","10/13/2014",205,"Nigeria","Cases",0,22
"1336","10/13/2014",205,"Nigeria","Deaths",0,8
"1337","10/13/2014",205,"Senegal","Cases",0,3
"1338","10/13/2014",205,"Senegal","Deaths",0,0
"1339","10/13/2014",205,"UnitedStates","Cases",0,2
"1340","10/13/2014",205,"UnitedStates","Deaths",0,1
"1341","10/13/2014",205,"Spain","Cases",0,1
"1342","10/13/2014",205,"Spain","Deaths",0,1
"1343","10/13/2014",205,"Mali","Cases",0,0
"1344","10/13/2014",205,"Mali","Deaths",0,0
"1345","10/14/2014",206,"Guinea","Cases",47,1519
"1346","10/14/2014",206,"Guinea","Deaths",19,862
"1347","10/14/2014",206,"Liberia","Cases",0,4262
"1348","10/14/2014",206,"Liberia","Deaths",0,2484
"1349","10/14/2014",206,"SierraLeone","Cases",158,3410
"1350","10/14/2014",206,"SierraLeone","Deaths",17,1200
"1351","10/14/2014",206,"Nigeria","Cases",0,22
"1352","10/14/2014",206,"Nigeria","Deaths",0,8
"1353","10/14/2014",206,"Senegal","Cases",0,3
"1354","10/14/2014",206,"Senegal","Deaths",0,0
"1355","10/14/2014",206,"UnitedStates","Cases",1,3
"1356","10/14/2014",206,"UnitedStates","Deaths",0,1
"1357","10/14/2014",206,"Spain","Cases",0,1
"1358","10/14/2014",206,"Spain","Deaths",0,1
"1359","10/14/2014",206,"Mali","Cases",0,0
"1360","10/14/2014",206,"Mali","Deaths",0,0
"1361","10/18/2014",210,"Guinea","Cases",0,1519
"1362","10/18/2014",210,"Guinea","Deaths",0,862
"1363","10/18/2014",210,"Liberia","Cases",403,4665
"1364","10/18/2014",210,"Liberia","Deaths",221,2705
"1365","10/18/2014",210,"SierraLeone","Cases",0,3410
"1366","10/18/2014",210,"SierraLeone","Deaths",0,1200
"1367","10/18/2014",210,"Nigeria","Cases",0,22
"1368","10/18/2014",210,"Nigeria","Deaths",0,8
"1369","10/18/2014",210,"Senegal","Cases",0,3
"1370","10/18/2014",210,"Senegal","Deaths",0,0
"1371","10/18/2014",210,"UnitedStates","Cases",0,3
"1372","10/18/2014",210,"UnitedStates","Deaths",0,1
"1373","10/18/2014",210,"Spain","Cases",0,1
"1374","10/18/2014",210,"Spain","Deaths",0,1
"1375","10/18/2014",210,"Mali","Cases",0,0
"1376","10/18/2014",210,"Mali","Deaths",0,0
"1377","10/19/2014",211,"Guinea","Cases",21,1540
"1378","10/19/2014",211,"Guinea","Deaths",42,904
"1379","10/19/2014",211,"Liberia","Cases",0,4665
"1380","10/19/2014",211,"Liberia","Deaths",0,2705
"1381","10/19/2014",211,"SierraLeone","Cases",296,3706
"1382","10/19/2014",211,"SierraLeone","Deaths",59,1259
"1383","10/19/2014",211,"Nigeria","Cases",0,22
"1384","10/19/2014",211,"Nigeria","Deaths",0,8
"1385","10/19/2014",211,"Senegal","Cases",0,3
"1386","10/19/2014",211,"Senegal","Deaths",0,0
"1387","10/19/2014",211,"UnitedStates","Cases",0,3
"1388","10/19/2014",211,"UnitedStates","Deaths",0,1
"1389","10/19/2014",211,"Spain","Cases",0,1
"1390","10/19/2014",211,"Spain","Deaths",0,1
"1391","10/19/2014",211,"Mali","Cases",0,0
"1392","10/19/2014",211,"Mali","Deaths",0,0
"1393","10/21/2014",213,"Guinea","Cases",13,1553
"1394","10/21/2014",213,"Guinea","Deaths",22,926
"1395","10/21/2014",213,"Liberia","Cases",0,4665
"1396","10/21/2014",213,"Liberia","Deaths",0,2705
"1397","10/21/2014",213,"SierraLeone","Cases",0,3706
"1398","10/21/2014",213,"SierraLeone","Deaths",0,1259
"1399","10/21/2014",213,"Nigeria","Cases",0,22
"1400","10/21/2014",213,"Nigeria","Deaths",0,8
"1401","10/21/2014",213,"Senegal","Cases",0,3
"1402","10/21/2014",213,"Senegal","Deaths",0,0
"1403","10/21/2014",213,"UnitedStates","Cases",0,3
"1404","10/21/2014",213,"UnitedStates","Deaths",0,1
"1405","10/21/2014",213,"Spain","Cases",0,1
"1406","10/21/2014",213,"Spain","Deaths",0,1
"1407","10/21/2014",213,"Mali","Cases",0,0
"1408","10/21/2014",213,"Mali","Deaths",0,0
"1409","10/22/2014",214,"Guinea","Cases",0,1553
"1410","10/22/2014",214,"Guinea","Deaths",0,926
"1411","10/22/2014",214,"Liberia","Cases",0,4665
"1412","10/22/2014",214,"Liberia","Deaths",0,2705
"1413","10/22/2014",214,"SierraLeone","Cases",190,3896
"1414","10/22/2014",214,"SierraLeone","Deaths",22,1281
"1415","10/22/2014",214,"Nigeria","Cases",0,22
"1416","10/22/2014",214,"Nigeria","Deaths",0,8
"1417","10/22/2014",214,"Senegal","Cases",0,3
"1418","10/22/2014",214,"Senegal","Deaths",0,0
"1419","10/22/2014",214,"UnitedStates","Cases",1,4
"1420","10/22/2014",214,"UnitedStates","Deaths",0,1
"1421","10/22/2014",214,"Spain","Cases",0,1
"1422","10/22/2014",214,"Spain","Deaths",0,1
"1423","10/22/2014",214,"Mali","Cases",1,1
"1424","10/22/2014",214,"Mali","Deaths",1,1
"1425","10/25/2014",216,"Guinea","Cases",0,1553
"1426","10/25/2014",216,"Guinea","Deaths",0,926
"1427","10/25/2014",216,"Liberia","Cases",1870,6535
"1428","10/25/2014",216,"Liberia","Deaths",0,2705
"1429","10/25/2014",216,"SierraLeone","Cases",0,3896
"1430","10/25/2014",216,"SierraLeone","Deaths",0,1281
"1431","10/25/2014",216,"Nigeria","Cases",0,22
"1432","10/25/2014",216,"Nigeria","Deaths",0,8
"1433","10/25/2014",216,"Senegal","Cases",0,3
"1434","10/25/2014",216,"Senegal","Deaths",0,0
"1435","10/25/2014",216,"UnitedStates","Cases",0,4
"1436","10/25/2014",216,"UnitedStates","Deaths",0,1
"1437","10/25/2014",216,"Spain","Cases",0,1
"1438","10/25/2014",216,"Spain","Deaths",0,1
"1439","10/25/2014",216,"Mali","Cases",0,1
"1440","10/25/2014",216,"Mali","Deaths",0,1
"1441","10/27/2014",218,"Guinea","Cases",353,1906
"1442","10/27/2014",218,"Guinea","Deaths",71,997
"1443","10/27/2014",218,"Liberia","Cases",0,6535
"1444","10/27/2014",218,"Liberia","Deaths",0,2705
"1445","10/27/2014",218,"SierraLeone","Cases",1339,5235
"1446","10/27/2014",218,"SierraLeone","Deaths",219,1500
"1447","10/27/2014",218,"Nigeria","Cases",0,22
"1448","10/27/2014",218,"Nigeria","Deaths",0,8
"1449","10/27/2014",218,"Senegal","Cases",0,3
"1450","10/27/2014",218,"Senegal","Deaths",0,0
"1451","10/27/2014",218,"UnitedStates","Cases",0,4
"1452","10/27/2014",218,"UnitedStates","Deaths",0,1
"1453","10/27/2014",218,"Spain","Cases",0,1
"1454","10/27/2014",218,"Spain","Deaths",0,1
"1455","10/27/2014",218,"Mali","Cases",0,1
"1456","10/27/2014",218,"Mali","Deaths",0,1
